image,class,cnn_prob_normal,cnn_prob_papil,cnn_prob_pseudo,cnn_pred,cnn_correct
Healthy10.jpg,Normal,0.9966241121292114,0.0009045153274200857,0.0024714211467653513,Normal,1
Healthy100.jpg,Normal,0.9567415118217468,0.013723469339311123,0.02953505516052246,Normal,1
Healthy1006.jpg,Normal,0.9870882034301758,0.004648728296160698,0.008263112977147102,Normal,1
Healthy1010.jpg,Normal,0.9697622060775757,0.004636520519852638,0.025601288303732872,Normal,1
Healthy1019.jpg,Normal,0.9568383097648621,0.027404269203543663,0.01575750671327114,Normal,1
Healthy107.jpg,Normal,0.9711093902587891,0.005576268769800663,0.02331426553428173,Normal,1
Healthy116.jpg,Normal,0.9857616424560547,0.003218562575057149,0.011019798927009106,Normal,1
Healthy124.jpg,Normal,0.9798107743263245,0.006061474792659283,0.014127747155725956,Normal,1
Healthy127.jpg,Normal,0.9936956763267517,0.0023733251728117466,0.003931017592549324,Normal,1
Healthy133.jpg,Normal,0.9754247665405273,0.0063822451047599316,0.018192997202277184,Normal,1
Healthy151.jpg,Normal,0.9691821932792664,0.018653951585292816,0.012163921259343624,Normal,1
Healthy159.jpg,Normal,0.9525243043899536,0.006174797657877207,0.041300904005765915,Normal,1
Healthy160.jpg,Normal,0.9920674562454224,0.003188858740031719,0.00474367244169116,Normal,1
Healthy169.jpg,Normal,0.9943875670433044,0.0019904200453311205,0.0036219630856066942,Normal,1
Healthy180.jpg,Normal,0.9864113926887512,0.007164509501308203,0.006424194201827049,Normal,1
Healthy187.jpg,Normal,0.9729544520378113,0.004997518844902515,0.02204797975718975,Normal,1
Healthy192.jpg,Normal,0.9905402660369873,0.004052847623825073,0.005406899843364954,Normal,1
Healthy193.jpg,Normal,0.9553584456443787,0.016979370266199112,0.027662131935358047,Normal,1
Healthy205.jpg,Normal,0.985681414604187,0.007264985237270594,0.007053634151816368,Normal,1
Healthy21.jpg,Normal,0.977669894695282,0.00433853454887867,0.017991533502936363,Normal,1
Healthy214.jpg,Normal,0.9870620369911194,0.005975562147796154,0.006962381768971682,Normal,1
Healthy243.jpg,Normal,0.9586204886436462,0.003314714413136244,0.03806480020284653,Normal,1
Healthy253.jpg,Normal,0.9730879664421082,0.01648775488138199,0.010424378328025341,Normal,1
Healthy259.jpg,Normal,0.9826783537864685,0.004784078802913427,0.012537604197859764,Normal,1
Healthy29.jpg,Normal,0.8797827363014221,0.07629526406526566,0.04392198100686073,Normal,1
Healthy306.jpg,Normal,0.9758211970329285,0.005051497370004654,0.019127298146486282,Normal,1
Healthy319.jpg,Normal,0.9882005453109741,0.003893550019711256,0.007906006649136543,Normal,1
Healthy33.jpg,Normal,0.9855901598930359,0.003648697631433606,0.010761143639683723,Normal,1
Healthy340.jpg,Normal,0.9816197156906128,0.0026802481152117252,0.015699924901127815,Normal,1
Healthy343.jpg,Normal,0.9905917048454285,0.0028229609597474337,0.006585274823009968,Normal,1
Healthy346.jpg,Normal,0.9771317839622498,0.004638412967324257,0.018229840323328972,Normal,1
Healthy359.jpg,Normal,0.971701443195343,0.0051022120751440525,0.023196352645754814,Normal,1
Healthy368.jpg,Normal,0.9915777444839478,0.004194049630314112,0.004228228237479925,Normal,1
Healthy377.jpg,Normal,0.983066737651825,0.004374075680971146,0.012559191323816776,Normal,1
Healthy383.jpg,Normal,0.9713670015335083,0.010132011957466602,0.018500924110412598,Normal,1
Healthy387.jpg,Normal,0.9614582657814026,0.01571606658399105,0.022825634106993675,Normal,1
Healthy401.jpg,Normal,0.9384306073188782,0.009383132681250572,0.05218615382909775,Normal,1
Healthy41.jpg,Normal,0.9933655858039856,0.0031009281519800425,0.0035334820859134197,Normal,1
Healthy410.jpg,Normal,0.9903877377510071,0.006655422504991293,0.0029567864257842302,Normal,1
Healthy413.jpg,Normal,0.9851484298706055,0.002479282207787037,0.012372241355478764,Normal,1
Healthy414.jpg,Normal,0.9922917485237122,0.002972942776978016,0.004735257010906935,Normal,1
Healthy416.jpg,Normal,0.9603007435798645,0.008559690788388252,0.031139634549617767,Normal,1
Healthy428.jpg,Normal,0.9874197840690613,0.0050335354171693325,0.00754675455391407,Normal,1
Healthy433.jpg,Normal,0.9720486998558044,0.004481111653149128,0.02347021922469139,Normal,1
Healthy437.jpg,Normal,0.9861981272697449,0.002130004810169339,0.011671820655465126,Normal,1
Healthy448.jpg,Normal,0.7997302412986755,0.1728932112455368,0.027376605197787285,Normal,1
Healthy454.jpg,Normal,0.986075222492218,0.00472604064270854,0.00919871125370264,Normal,1
Healthy459.jpg,Normal,0.967154324054718,0.01807131990790367,0.014774284325540066,Normal,1
Healthy461.jpg,Normal,0.9688630104064941,0.005072469357401133,0.026064498350024223,Normal,1
Healthy463.jpg,Normal,0.9760874509811401,0.0194272231310606,0.004485251381993294,Normal,1
Healthy468.jpg,Normal,0.9828318953514099,0.0028213211335241795,0.014346808195114136,Normal,1
Healthy469.jpg,Normal,0.9928491115570068,0.0015592300333082676,0.005591648630797863,Normal,1
Healthy487.jpg,Normal,0.9917056560516357,0.0022805030457675457,0.006013891659677029,Normal,1
Healthy489.jpg,Normal,0.9715754985809326,0.009209861047565937,0.01921466924250126,Normal,1
Healthy493.jpg,Normal,0.9896894693374634,0.0029219749849289656,0.007388463709503412,Normal,1
Healthy5.jpg,Normal,0.9673244953155518,0.010997409000992775,0.021678149700164795,Normal,1
Healthy504.jpg,Normal,0.9193235039710999,0.0775989219546318,0.0030775158666074276,Normal,1
Healthy510.jpg,Normal,0.9871314764022827,0.00408420292660594,0.008784372359514236,Normal,1
Healthy514.jpg,Normal,0.9699720144271851,0.010755550116300583,0.01927242800593376,Normal,1
Healthy518.jpg,Normal,0.950169026851654,0.03962673991918564,0.010204271413385868,Normal,1
Healthy522.jpg,Normal,0.9834299087524414,0.0027970632072538137,0.013773038052022457,Normal,1
Healthy529.jpg,Normal,0.9869332313537598,0.002684922656044364,0.010381798259913921,Normal,1
Healthy531.jpg,Normal,0.9872374534606934,0.004189940635114908,0.008572581224143505,Normal,1
Healthy54.jpg,Normal,0.9747201204299927,0.006047287955880165,0.01923256926238537,Normal,1
Healthy547.jpg,Normal,0.9868735671043396,0.004655174445360899,0.008471228182315826,Normal,1
Healthy557.jpg,Normal,0.9698367714881897,0.004224048927426338,0.025939205661416054,Normal,1
Healthy572.jpg,Normal,0.9974560141563416,0.0006309360032901168,0.001913107349537313,Normal,1
Healthy585.jpg,Normal,0.9852187037467957,0.009863928891718388,0.004917379468679428,Normal,1
Healthy588.jpg,Normal,0.9498915076255798,0.033388327807188034,0.01672014594078064,Normal,1
Healthy617.jpg,Normal,0.7468886375427246,0.2257320135831833,0.02737928181886673,Normal,1
Healthy625.jpg,Normal,0.9854791164398193,0.003531774040311575,0.010989137925207615,Normal,1
Healthy629.jpg,Normal,0.9922444224357605,0.004377868492156267,0.0033777416683733463,Normal,1
Healthy660.jpg,Normal,0.975446879863739,0.017281504347920418,0.007271598093211651,Normal,1
Healthy670.jpg,Normal,0.9498656392097473,0.016188744455575943,0.03394563868641853,Normal,1
Healthy672.jpg,Normal,0.1189916804432869,0.8240529894828796,0.056955303996801376,Papilledema,0
Healthy673.jpg,Normal,0.4334633946418762,0.5486171841621399,0.017919404432177544,Papilledema,0
Healthy675.jpg,Normal,0.5000912547111511,0.35488343238830566,0.14502529799938202,Normal,1
Healthy690.jpg,Normal,0.24064454436302185,0.7215769290924072,0.03777855262160301,Papilledema,0
Healthy697.jpg,Normal,0.9158250093460083,0.04610191658139229,0.03807307779788971,Normal,1
Healthy702.jpg,Normal,0.9620164036750793,0.010286496952176094,0.027697134763002396,Normal,1
Healthy707.jpg,Normal,0.9258169531822205,0.06997180730104446,0.004211227409541607,Normal,1
Healthy710.jpg,Normal,0.022978290915489197,0.9648151993751526,0.012206494808197021,Papilledema,0
Healthy72.jpg,Normal,0.9615761041641235,0.009723839350044727,0.02870003506541252,Normal,1
Healthy720.jpg,Normal,0.9500409364700317,0.027128297835588455,0.022830693051218987,Normal,1
Healthy723.jpg,Normal,0.8847372531890869,0.10422319173812866,0.011039563454687595,Normal,1
Healthy727.jpg,Normal,0.5011195540428162,0.47436290979385376,0.024517513811588287,Normal,1
Healthy733.jpg,Normal,0.12011987715959549,0.8278724551200867,0.05200766399502754,Papilledema,0
Healthy736.jpg,Normal,0.9728071093559265,0.015000933781266212,0.012191974557936192,Normal,1
Healthy746.jpg,Normal,0.3759691119194031,0.6199045777320862,0.004126265645027161,Papilledema,0
Healthy749.jpg,Normal,0.8044908046722412,0.17412643134593964,0.021382760256528854,Normal,1
Healthy758.jpg,Normal,0.970289945602417,0.01831609383225441,0.011393940076231956,Normal,1
Healthy759.jpg,Normal,0.9472924470901489,0.015050176531076431,0.03765738382935524,Normal,1
Healthy76.jpg,Normal,0.9928086996078491,0.0026027194689959288,0.004588680807501078,Normal,1
Healthy77.jpg,Normal,0.9952657222747803,0.0021200384944677353,0.002614241559058428,Normal,1
Healthy770.jpg,Normal,0.9877852201461792,0.004151694942265749,0.008062982000410557,Normal,1
Healthy772.jpg,Normal,0.9804659485816956,0.005710240453481674,0.013823785819113255,Normal,1
Healthy79.jpg,Normal,0.9762539863586426,0.005657009314745665,0.018088994547724724,Normal,1
Healthy793.jpg,Normal,0.9871680736541748,0.003733469871804118,0.009098433889448643,Normal,1
Healthy797.jpg,Normal,0.9800998568534851,0.003208599518984556,0.016691546887159348,Normal,1
Healthy801.jpg,Normal,0.9458679556846619,0.02065414935350418,0.03347789868712425,Normal,1
Healthy804.jpg,Normal,0.970907986164093,0.004501563496887684,0.02459055557847023,Normal,1
Healthy809.jpg,Normal,0.914242148399353,0.0827057808637619,0.003052051644772291,Normal,1
Healthy823.jpg,Normal,0.8275192379951477,0.16618534922599792,0.006295416038483381,Normal,1
Healthy830.jpg,Normal,0.9866772890090942,0.0039018832612782717,0.009420876391232014,Normal,1
Healthy837.jpg,Normal,0.9754748940467834,0.010602861642837524,0.013922319747507572,Normal,1
Healthy846.jpg,Normal,0.9922358393669128,0.0022614183835685253,0.005502727814018726,Normal,1
Healthy859.jpg,Normal,0.5662429928779602,0.41626015305519104,0.0174968633800745,Normal,1
Healthy868.jpg,Normal,0.9930082559585571,0.001961730420589447,0.0050300369039177895,Normal,1
Healthy869.jpg,Normal,0.9919375777244568,0.0031150297727435827,0.004947339184582233,Normal,1
Healthy883.jpg,Normal,0.9745526313781738,0.006411790382117033,0.019035620614886284,Normal,1
Healthy900.jpg,Normal,0.9142691493034363,0.07277464121580124,0.012956258840858936,Normal,1
Healthy91.jpg,Normal,0.9863670468330383,0.006914966274052858,0.006717886310070753,Normal,1
Healthy911.jpg,Normal,0.9555176496505737,0.03917132690548897,0.0053110080771148205,Normal,1
Healthy922.jpg,Normal,0.9899229407310486,0.005603392608463764,0.0044736918061971664,Normal,1
Healthy928.jpg,Normal,0.9579065442085266,0.011557213962078094,0.030536217615008354,Normal,1
Healthy929.jpg,Normal,0.9624850749969482,0.012174210511147976,0.02534070797264576,Normal,1
Healthy931.jpg,Normal,0.9806761741638184,0.006612648721784353,0.012711180374026299,Normal,1
Healthy942.jpg,Normal,0.8822047710418701,0.09088283032178879,0.02691248618066311,Normal,1
Healthy948.jpg,Normal,0.9356109499931335,0.02851284109055996,0.035876210778951645,Normal,1
Healthy951.jpg,Normal,0.8764615058898926,0.04955621436238289,0.07398230582475662,Normal,1
Healthy961.jpg,Normal,0.9758415222167969,0.00623035803437233,0.017928140237927437,Normal,1
Healthy97.jpg,Normal,0.9802315831184387,0.005320425145328045,0.014448070898652077,Normal,1
Healthy976.jpg,Normal,0.966339111328125,0.010382086038589478,0.023278774693608284,Normal,1
Healthy980.jpg,Normal,0.9846009612083435,0.01201857440173626,0.0033804818522185087,Normal,1
Healthy982.jpg,Normal,0.9875170588493347,0.0025060325860977173,0.009976930916309357,Normal,1
Healthy984.jpg,Normal,0.9896765351295471,0.005154444836080074,0.005168956704437733,Normal,1
Healthy998.jpg,Normal,0.9043887257575989,0.05816604197025299,0.03744524344801903,Normal,1
Disc Edema1.jpg,Papilledema,0.006113952025771141,0.9899829626083374,0.0039031533524394035,Papilledema,1
Disc Edema10.jpg,Papilledema,0.298818975687027,0.6695555448532104,0.03162548318505287,Papilledema,1
Disc Edema100.jpg,Papilledema,0.011280824430286884,0.9882498979568481,0.00046923087211325765,Papilledema,1
Disc Edema101.jpg,Papilledema,0.014402644708752632,0.9853081107139587,0.00028917420422658324,Papilledema,1
Disc Edema102.jpg,Papilledema,0.0015136254951357841,0.997102677822113,0.0013837161241099238,Papilledema,1
Disc Edema103.jpg,Papilledema,0.033349573612213135,0.9637975692749023,0.002852782141417265,Papilledema,1
Disc Edema104.jpg,Papilledema,0.03063017502427101,0.9675551056861877,0.0018147125374525785,Papilledema,1
Disc Edema105.jpg,Papilledema,0.007937004789710045,0.9870831966400146,0.004979760851711035,Papilledema,1
Disc Edema106.jpg,Papilledema,0.008414954878389835,0.9895893931388855,0.001995685277506709,Papilledema,1
Disc Edema107.jpg,Papilledema,4.654385702451691e-05,0.9998772144317627,7.628675666637719e-05,Papilledema,1
Disc Edema108.jpg,Papilledema,0.019146405160427094,0.9803127646446228,0.0005408178549259901,Papilledema,1
Disc Edema109.jpg,Papilledema,0.0033213747665286064,0.9964320659637451,0.00024660115013830364,Papilledema,1
Disc Edema11.jpg,Papilledema,0.2841327488422394,0.7020423412322998,0.013824949972331524,Papilledema,1
Disc Edema110.jpg,Papilledema,0.027086416259407997,0.9717731475830078,0.0011405154364183545,Papilledema,1
Disc Edema111.jpg,Papilledema,0.06109926849603653,0.9373016357421875,0.0015990472165867686,Papilledema,1
Disc Edema112.jpg,Papilledema,0.004953597206622362,0.9944472312927246,0.0005991635262034833,Papilledema,1
Disc Edema113.jpg,Papilledema,0.0015174199361354113,0.9978896975517273,0.0005929304752498865,Papilledema,1
Disc Edema114.jpg,Papilledema,0.15252502262592316,0.8300280570983887,0.01744692400097847,Papilledema,1
Disc Edema115.jpg,Papilledema,0.007862268015742302,0.9915109276771545,0.0006267593125812709,Papilledema,1
Disc Edema116.jpg,Papilledema,0.015900885686278343,0.9832046627998352,0.0008944213623180985,Papilledema,1
Disc Edema117.jpg,Papilledema,0.00039312869193963706,0.9995079040527344,9.906633204082027e-05,Papilledema,1
Disc Edema118.jpg,Papilledema,0.0003416957624722272,0.9994264841079712,0.0002318675396963954,Papilledema,1
Disc Edema119.jpg,Papilledema,0.0003785876324400306,0.9989445805549622,0.0006768468883819878,Papilledema,1
Disc Edema12.jpg,Papilledema,0.35082271695137024,0.599941074848175,0.04923619329929352,Papilledema,1
Disc Edema120.jpg,Papilledema,0.0002386782580288127,0.9989504814147949,0.000810861645732075,Papilledema,1
Disc Edema121.jpg,Papilledema,0.08213344216346741,0.9161206483840942,0.0017459148075431585,Papilledema,1
Disc Edema122.jpg,Papilledema,0.000876881240401417,0.9986802935600281,0.0004427259264048189,Papilledema,1
Disc Edema123.jpg,Papilledema,0.00034672708716243505,0.9993104934692383,0.00034269396564923227,Papilledema,1
Disc Edema124.jpg,Papilledema,0.1528431475162506,0.8409517407417297,0.006205121986567974,Papilledema,1
Disc Edema125.jpg,Papilledema,0.019136393442749977,0.9766273498535156,0.0042362455278635025,Papilledema,1
Disc Edema126.jpg,Papilledema,0.2250978797674179,0.7281180024147034,0.04678414389491081,Papilledema,1
Disc Edema127.jpg,Papilledema,0.2298489212989807,0.7431909441947937,0.026960181072354317,Papilledema,1
Disc Edema13.jpg,Papilledema,7.508917769882828e-05,0.9997441172599792,0.00018077732238452882,Papilledema,1
Disc Edema14.jpg,Papilledema,0.000641056802123785,0.9988540410995483,0.0005048253806307912,Papilledema,1
Disc Edema15.jpg,Papilledema,0.09266199916601181,0.8894781470298767,0.017859794199466705,Papilledema,1
Disc Edema16.jpg,Papilledema,0.3562193512916565,0.6350584030151367,0.0087222158908844,Papilledema,1
Disc Edema17.jpg,Papilledema,0.004942123778164387,0.991195797920227,0.0038620876148343086,Papilledema,1
Disc Edema18.jpg,Papilledema,0.0002476962690707296,0.9986764788627625,0.00107577012386173,Papilledema,1
Disc Edema19.jpg,Papilledema,0.14274516701698303,0.846888542175293,0.010366225615143776,Papilledema,1
Disc Edema2.jpg,Papilledema,0.004920364823192358,0.9930585622787476,0.002021067775785923,Papilledema,1
Disc Edema20.jpg,Papilledema,0.05007054656744003,0.9418321847915649,0.008097263053059578,Papilledema,1
Disc Edema21.jpg,Papilledema,0.007174680009484291,0.9872838258743286,0.005541438702493906,Papilledema,1
Disc Edema22.jpg,Papilledema,0.00248631089925766,0.9940778017044067,0.0034359206911176443,Papilledema,1
Disc Edema23.jpg,Papilledema,0.00325598381459713,0.9929863810539246,0.0037575848400592804,Papilledema,1
Disc Edema24.jpg,Papilledema,0.06345440447330475,0.9300875067710876,0.0064581152983009815,Papilledema,1
Disc Edema25.jpg,Papilledema,0.0024532584939152002,0.9951942563056946,0.0023524491116404533,Papilledema,1
Disc Edema26.jpg,Papilledema,0.0005248864181339741,0.9992449283599854,0.00023028868599794805,Papilledema,1
Disc Edema27.jpg,Papilledema,0.0026353474240750074,0.9967237114906311,0.0006408677436411381,Papilledema,1
Disc Edema28.jpg,Papilledema,0.01341939065605402,0.9844961166381836,0.0020844992250204086,Papilledema,1
Disc Edema29.jpg,Papilledema,0.0033646703232079744,0.9949167966842651,0.0017185742035508156,Papilledema,1
Disc Edema3.jpg,Papilledema,0.004280583932995796,0.9930915832519531,0.0026277967263013124,Papilledema,1
Disc Edema30.jpg,Papilledema,0.002262798370793462,0.9973219037055969,0.00041527661960572004,Papilledema,1
Disc Edema31.jpg,Papilledema,0.003041758667677641,0.995837926864624,0.001120312255807221,Papilledema,1
Disc Edema32.jpg,Papilledema,0.0006189742707647383,0.998630940914154,0.0007501294021494687,Papilledema,1
Disc Edema33.jpg,Papilledema,0.0016791945090517402,0.9974402189254761,0.0008806245168671012,Papilledema,1
Disc Edema34.jpg,Papilledema,0.0054608359932899475,0.991443932056427,0.003095264546573162,Papilledema,1
Disc Edema35.jpg,Papilledema,0.0054715401493012905,0.9918992519378662,0.002629297785460949,Papilledema,1
Disc Edema36.jpg,Papilledema,0.0003086673386860639,0.9991713762283325,0.0005200722953304648,Papilledema,1
Disc Edema37.jpg,Papilledema,8.540123963030055e-05,0.9994268417358398,0.0004878082836512476,Papilledema,1
Disc Edema38.jpg,Papilledema,0.000846373790409416,0.9977186918258667,0.0014350003330036998,Papilledema,1
Disc Edema39.jpg,Papilledema,0.018294591456651688,0.980182409286499,0.0015229525743052363,Papilledema,1
Disc Edema4.jpg,Papilledema,0.004920364823192358,0.9930585622787476,0.002021067775785923,Papilledema,1
Disc Edema40.jpg,Papilledema,0.042989835143089294,0.939132571220398,0.017877548933029175,Papilledema,1
Disc Edema41.jpg,Papilledema,0.025981221348047256,0.9637571573257446,0.010261583141982555,Papilledema,1
Disc Edema42.jpg,Papilledema,0.021686961874365807,0.9719294905662537,0.006383486092090607,Papilledema,1
Disc Edema43.jpg,Papilledema,0.03293170407414436,0.9517674446105957,0.015300839208066463,Papilledema,1
Disc Edema44.jpg,Papilledema,0.012488335371017456,0.9846767783164978,0.00283485627733171,Papilledema,1
Disc Edema45.jpg,Papilledema,0.031861674040555954,0.961670458316803,0.006467910949140787,Papilledema,1
Disc Edema46.jpg,Papilledema,0.027605175971984863,0.9715419411659241,0.0008528537582606077,Papilledema,1
Disc Edema47.jpg,Papilledema,0.009349816478788853,0.9904617667198181,0.00018842592544388026,Papilledema,1
Disc Edema48.jpg,Papilledema,0.18023400008678436,0.8170134425163269,0.0027524717152118683,Papilledema,1
Disc Edema49.jpg,Papilledema,0.1352139264345169,0.8639275431632996,0.0008585169562138617,Papilledema,1
Disc Edema5.jpg,Papilledema,0.004280583932995796,0.9930915832519531,0.0026277967263013124,Papilledema,1
Disc Edema50.jpg,Papilledema,0.024030892178416252,0.9745320081710815,0.0014370576245710254,Papilledema,1
Disc Edema51.jpg,Papilledema,0.06947709619998932,0.9264039397239685,0.00411895290017128,Papilledema,1
Disc Edema52.jpg,Papilledema,0.00026673468528315425,0.99748694896698,0.0022462736815214157,Papilledema,1
Disc Edema53.jpg,Papilledema,0.22473566234111786,0.7631739377975464,0.012090385891497135,Papilledema,1
Disc Edema54.jpg,Papilledema,0.05971216410398483,0.9366355538368225,0.003652356332167983,Papilledema,1
Disc Edema55.jpg,Papilledema,0.027560023590922356,0.9711378216743469,0.0013021378545090556,Papilledema,1
Disc Edema56.jpg,Papilledema,0.008981626480817795,0.9906712770462036,0.0003471254021860659,Papilledema,1
Disc Edema57.jpg,Papilledema,0.014155997894704342,0.9853090643882751,0.0005349478451535106,Papilledema,1
Disc Edema58.jpg,Papilledema,0.010585661977529526,0.9891219735145569,0.0002923505671788007,Papilledema,1
Disc Edema59.jpg,Papilledema,0.5720386505126953,0.3801623582839966,0.047798946499824524,Normal,0
Disc Edema6.jpg,Papilledema,0.0028405257035046816,0.9967936873435974,0.00036572685348801315,Papilledema,1
Disc Edema60.jpg,Papilledema,0.521898090839386,0.45976969599723816,0.018332190811634064,Normal,0
Disc Edema61.jpg,Papilledema,0.0024817597586661577,0.9974484443664551,6.98342191753909e-05,Papilledema,1
Disc Edema62.jpg,Papilledema,0.0034889336675405502,0.9963950514793396,0.0001160087704192847,Papilledema,1
Disc Edema63.jpg,Papilledema,0.04980964958667755,0.9495744109153748,0.0006159038748592138,Papilledema,1
Disc Edema64.jpg,Papilledema,0.05455205217003822,0.944205641746521,0.0012423337902873755,Papilledema,1
Disc Edema65.jpg,Papilledema,0.09385544061660767,0.9047015309333801,0.0014430551091209054,Papilledema,1
Disc Edema66.jpg,Papilledema,0.025296742096543312,0.9737076163291931,0.0009956720750778913,Papilledema,1
Disc Edema67.jpg,Papilledema,0.00038121981197036803,0.9994472861289978,0.00017141048738267273,Papilledema,1
Disc Edema68.jpg,Papilledema,0.0004926586989313364,0.999060332775116,0.0004470190033316612,Papilledema,1
Disc Edema69.jpg,Papilledema,0.00124453566968441,0.9983397722244263,0.00041572185000404716,Papilledema,1
Disc Edema7.jpg,Papilledema,0.004309618845582008,0.994952917098999,0.0007374868146143854,Papilledema,1
Disc Edema70.jpg,Papilledema,0.001517841243185103,0.998117208480835,0.000364894513040781,Papilledema,1
Disc Edema71.jpg,Papilledema,0.0012061643647029996,0.9977906942367554,0.0010032063582912087,Papilledema,1
Disc Edema72.jpg,Papilledema,0.003954731859266758,0.9951159954071045,0.0009292557369917631,Papilledema,1
Disc Edema73.jpg,Papilledema,0.0010311813093721867,0.9985987544059753,0.00037004961632192135,Papilledema,1
Disc Edema74.jpg,Papilledema,0.0015207205433398485,0.9972602128982544,0.0012189879780635238,Papilledema,1
Disc Edema75.jpg,Papilledema,0.000946635555010289,0.9983206391334534,0.0007327928906306624,Papilledema,1
Disc Edema76.jpg,Papilledema,0.005366707220673561,0.994305431842804,0.000327863497659564,Papilledema,1
Disc Edema77.jpg,Papilledema,0.028459450230002403,0.9697802662849426,0.001760362763889134,Papilledema,1
Disc Edema78.jpg,Papilledema,0.03431408107280731,0.9647333025932312,0.0009525352506898344,Papilledema,1
Disc Edema79.jpg,Papilledema,0.03853440284729004,0.9574296474456787,0.00403585797175765,Papilledema,1
Disc Edema8.jpg,Papilledema,0.001974883023649454,0.9976369142532349,0.0003882111341226846,Papilledema,1
Disc Edema80.jpg,Papilledema,0.033351778984069824,0.9513382911682129,0.015309905633330345,Papilledema,1
Disc Edema81.jpg,Papilledema,6.807583122281358e-05,0.9995437264442444,0.0003881847078446299,Papilledema,1
Disc Edema82.jpg,Papilledema,0.00010581125388853252,0.9993914365768433,0.0005028105224482715,Papilledema,1
Disc Edema83.jpg,Papilledema,0.00026495050406083465,0.9983497858047485,0.0013852791162207723,Papilledema,1
Disc Edema84.jpg,Papilledema,0.00029569276375696063,0.9991140961647034,0.0005901525728404522,Papilledema,1
Disc Edema85.jpg,Papilledema,0.005678017623722553,0.9937235713005066,0.0005983370938338339,Papilledema,1
Disc Edema86.jpg,Papilledema,0.006259770132601261,0.9923905730247498,0.0013496580068022013,Papilledema,1
Disc Edema87.jpg,Papilledema,0.019294364377856255,0.97953200340271,0.0011736801825463772,Papilledema,1
Disc Edema88.jpg,Papilledema,0.023839203640818596,0.9753425121307373,0.0008183090831153095,Papilledema,1
Disc Edema89.jpg,Papilledema,0.009139925241470337,0.9901446104049683,0.0007155349012464285,Papilledema,1
Disc Edema9.jpg,Papilledema,0.007770057301968336,0.9866238832473755,0.005606009624898434,Papilledema,1
Disc Edema90.jpg,Papilledema,0.002873638179153204,0.9970539808273315,7.23998891771771e-05,Papilledema,1
Disc Edema91.jpg,Papilledema,0.29685863852500916,0.6637457013130188,0.03939567506313324,Papilledema,1
Disc Edema92.jpg,Papilledema,0.7019125819206238,0.27653536200523376,0.021552009508013725,Normal,0
Disc Edema93.jpg,Papilledema,0.9041122198104858,0.08588754385709763,0.010000215843319893,Normal,0
Disc Edema94.jpg,Papilledema,0.5388174057006836,0.4548978805541992,0.006284757051616907,Normal,0
Disc Edema95.jpg,Papilledema,0.5086278319358826,0.4691969156265259,0.022175287827849388,Normal,0
Disc Edema96.jpg,Papilledema,0.33913344144821167,0.6475229859352112,0.01334354467689991,Papilledema,1
Disc Edema97.jpg,Papilledema,0.5352882146835327,0.4533984959125519,0.011313294991850853,Normal,0
Disc Edema98.jpg,Papilledema,0.09980926662683487,0.8979446887969971,0.002246073679998517,Papilledema,1
Disc Edema99.jpg,Papilledema,0.022883031517267227,0.9747461676597595,0.0023707482032477856,Papilledema,1
